{
    "avro deserialize": 0.0002607074000000015,
    "avro serialize": 0.00009575419999999883,
    "json deserialize": 0.00008031970000000307,
    "json serialize": 0.00003442869999999997,
    "message_pack deserialize": 0.000024007499999996422,
    "message_pack serialize": 0.0009653120000000058,
    "native(gob) deserialize": 0.00004703469999999904,
    "native(gob) serialize": 0.0000406741000000011,
    "protobuf deserialize": 0.000028710699999999213,
    "protobuf serialize": 0.000022345099999997168,
    "xml deserialize": 0.0002457819000000011,
    "xml serialize": 0.00019313770000000167,
    "yaml deserialize": 0.000327581099999998,
    "yaml serialize": 0.00040309729999999923
}
